Unnamed: 0,Age,Sex,Job,Housing,Saving accounts,Checking account,Credit amount,Duration,Purpose,Risk,Sex_encoded,Housing_encoded,Saving accounts_encoded,Checking account_encoded,Purpose_encoded,Risk_encoded
-1.425100086179873,0.02169603971189751,male,0.0,own,moderate,moderate,0.14213469075072394,-0.057751188271904445,business,good,1,1,1,1,0,1
-1.149032823752543,-0.7643819610894186,male,0.0,own,little,little,0.6973588005275698,0.28875594135952226,education,bad,1,1,0,0,3,0
1.2315991535428763,2.871228792616668,male,0.0,own,little,little,0.3769832725376474,0.6352630709909489,car,good,1,1,0,0,1,1
0.2743269578533026,0.4147350401125555,male,0.0,own,little,,2.4780017788523026,1.3282773302538022,radio/TV,good,1,1,0,3,5,1
-0.00891088281889336,-0.6661222109892541,female,0.0,own,moderate,,-0.8288064608161088,-1.4437797067976113,radio/TV,good,0,1,1,3,5,1
1.443131211766415,0.11995578981206202,female,0.0,own,rich,,-0.5799370681762347,-0.7507654475347578,furniture/equipment,good,0,1,3,3,4,1
1.801660124009701,0.4147350401125555,male,0.0,own,little,,-1.1323570157824905,-0.7507654475347578,radio/TV,good,1,1,0,3,5,1
0.7941938806060673,0.6112545403128845,male,0.0,own,,,0.4611081376553513,1.3282773302538022,radio/TV,good,1,1,4,3,5,1
-0.04476377404322196,2.281670292015681,female,0.0,rent,rich,little,0.8431752333982566,1.3282773302538022,furniture/equipment,good,0,2,3,0,4,1
0.5324677746684685,-0.076563710388267,male,0.0,own,little,,-0.3983675676305237,0.6352630709909489,radio/TV,good,1,1,0,3,5,1
0.3711297641589898,-0.273083210588596,male,0.0,own,little,,0.24939389377579643,-0.057751188271904445,car,bad,1,1,0,3,1,0
1.4538870791337135,0.9060337906133781,male,0.0,rent,little,little,0.14423781237866654,-0.28875594135952226,car,bad,1,2,0,0,1,0
-0.43914557751083655,-1.059161211389912,female,0.0,rent,little,,-0.1915606075495016,-0.9817702006223756,furniture/equipment,good,0,2,0,3,4,1
-0.3889515297967765,-1.255680711590241,female,0.0,rent,,,-0.9066219610499849,-0.057751188271904445,radio/TV,good,0,2,4,3,5,1
1.4969105486029077,-0.862641711189583,female,0.0,own,,moderate,0.4008186509876635,1.3282773302538022,radio/TV,good,0,1,4,1,5,1
-0.7582363094073611,2.871228792616668,male,0.0,own,,,-0.630411987246857,-0.4042583179033311,furniture/equipment,good,1,1,4,3,4,1
1.7622219436629394,-0.076563710388267,male,0.0,own,little,rich,2.712850360639226,2.714305848779509,business,good,1,1,0,2,0,1
-0.5968982988978824,-0.273083210588596,male,0.0,own,little,rich,1.4397607351913069,2.0212915895166557,radio/TV,good,1,1,0,2,5,1
0.7296586764022758,-0.9609014612897475,male,0.0,own,little,,-0.4341206353055479,-0.057751188271904445,radio/TV,good,1,1,0,3,5,1
-1.2601767865479614,-1.1574209614900766,male,0.0,own,little,little,0.02996820392711872,-0.057751188271904445,furniture/equipment,bad,1,1,0,0,4,0
0.13091539295598817,-0.5678624608890895,female,0.0,rent,moderate,moderate,0.14844405563455174,-0.4042583179033311,car,bad,0,2,1,1,1,0
-0.8693802722027798,-0.9609014612897475,female,0.0,own,little,moderate,-0.18875644537891148,1.3282773302538022,car,bad,0,1,0,1,1,0
1.3714254293177577,-0.5678624608890895,male,0.0,own,little,,0.8242471387467732,2.0212915895166557,radio/TV,good,1,1,0,3,5,1
-0.6004835880203152,0.02169603971189751,female,0.0,own,rich,,-0.6269067845336194,0.6352630709909489,car,good,0,1,3,3,1,1
-0.9518419220187355,-1.1574209614900766,male,0.0,free,little,little,0.5115830567259737,0.6352630709909489,furniture/equipment,good,1,0,0,0,4,1
0.7009763634228129,-0.862641711189583,male,0.0,own,little,little,-1.0124790829897623,-0.4042583179033311,furniture/equipment,good,1,1,0,0,4,1
-0.3351721929602836,-0.5678624608890895,male,0.0,own,,moderate,-0.3731301080952126,-0.057751188271904445,business,good,1,1,4,1,0,1
0.5754912441376628,-1.1574209614900766,male,0.0,free,little,little,1.0892404638675406,-0.51976069444714,car,good,1,0,0,0,1,1
0.6507823157087529,-0.076563710388267,male,0.0,own,little,,1.9143651825636865,0.6352630709909489,furniture/equipment,good,1,1,0,3,4,1
0.5862471115049614,-0.5678624608890895,female,0.0,own,little,moderate,1.2630985184441286,1.3282773302538022,business,good,0,1,0,1,0,1
1.7263690524386108,2.9694885427168325,female,0.0,own,little,moderate,-1.1681100834575147,-1.4437797067976113,radio/TV,good,0,1,0,1,5,1
1.3965224531747877,0.9060337906133781,male,0.0,own,little,moderate,1.1481278694499333,0.6352630709909489,furniture/equipment,bad,1,1,0,1,4,0
0.6615381830760515,-0.7643819610894186,female,0.0,own,little,,-0.6773817036042418,-0.057751188271904445,radio/TV,good,0,1,0,3,5,1
-0.28856343436865645,0.11995578981206202,female,0.0,own,,little,-0.7278566226748641,0.6352630709909489,car,bad,0,1,4,0,1,0
0.14167126032328675,-0.862641711189583,male,0.0,own,,,0.4807372728494822,0.6352630709909489,radio/TV,good,1,1,4,3,5,1
0.03411258665030096,-0.9609014612897475,female,0.0,rent,little,little,-0.8498376770955348,0.6352630709909489,car,bad,0,2,0,0,1,0
1.1527227928493533,2.772969042516504,male,0.0,own,quite rich,,-0.7580013660087079,-1.4437797067976113,domestic appliances,good,1,1,2,3,2,1
1.0702611430333975,1.6921117914146941,male,0.0,free,little,rich,0.3314156372655578,0.6352630709909489,furniture/equipment,good,1,0,0,2,4,1
-1.6258762770361133,-0.7643819610894186,male,0.0,own,quite rich,moderate,-0.8841886636852638,-0.7507654475347578,radio/TV,good,1,1,2,1,5,1
0.9662877584828445,-0.6661222109892541,male,0.0,own,moderate,,0.030669244469766255,0.6352630709909489,car,good,1,1,1,3,1,1
-1.3641501710985144,0.11995578981206202,male,0.0,own,quite rich,little,-0.5182455004232518,-0.7507654475347578,radio/TV,good,1,1,2,0,5,1
0.4141532336281841,-1.1574209614900766,female,0.0,own,moderate,little,-1.176522569969285,-0.7507654475347578,domestic appliances,bad,0,1,1,0,2,0
0.16318299505788392,-1.059161211389912,male,0.0,rent,little,moderate,-0.6205974196497915,-0.7507654475347578,radio/TV,bad,1,2,0,1,5,0
0.6256852918517228,1.299072791014036,male,0.0,own,little,rich,0.41904570509649935,1.3282773302538022,radio/TV,good,1,1,0,2,5,1
0.3460327403019598,0.8077740405132136,female,0.0,rent,,moderate,-0.318448945768705,0.6352630709909489,car,good,0,2,4,1,1,1
-0.10571368912458058,2.871228792616668,male,0.0,own,little,little,0.35384893463027883,0.6352630709909489,car,good,1,1,0,0,1,1
1.518422283337505,-0.076563710388267,male,0.0,own,moderate,little,-0.04223897196557714,0.6352630709909489,furniture/equipment,bad,1,1,1,0,4,0
-0.5323630946940909,-1.059161211389912,male,0.0,own,little,moderate,-1.077675853455983,-0.6352630709909489,radio/TV,good,1,1,0,1,5,1
-1.579267518444486,2.281670292015681,male,0.0,free,little,moderate,-0.13617840468034653,2.0212915895166557,car,bad,1,0,0,1,1,0
0.9770436258501431,-0.273083210588596,female,0.0,rent,,,0.33772500214938556,-0.9817702006223756,car,good,0,2,4,3,1,1
-1.4466118209144703,1.9868910417151877,male,0.0,own,little,little,-0.7082274874807332,-0.7507654475347578,car,good,1,1,0,0,1,1
0.49302959432170707,-1.059161211389912,male,0.0,own,,moderate,-0.6836910684880695,-0.4042583179033311,radio/TV,good,1,1,4,1,5,1
-0.5610454076735538,-0.5678624608890895,male,0.0,own,little,little,1.2266444102264569,0.6352630709909489,furniture/equipment,good,1,1,0,0,4,1
-0.6112394553876138,0.21821553991222653,female,0.0,own,little,,-0.9753239342294431,-0.057751188271904445,car,good,0,1,0,3,1,1
-0.4570720231230009,-1.1574209614900766,female,0.0,rent,little,little,0.8628043685923875,-0.057751188271904445,furniture/equipment,good,0,2,0,0,4,1
0.2348887775065411,1.495592291214365,male,0.0,free,,little,0.38189055633618013,0.6352630709909489,car,good,1,0,4,0,1,1
-0.7654068876522269,1.5938520413145296,male,0.0,own,little,,-0.5925557979438902,-0.7507654475347578,furniture/equipment,good,1,1,0,3,4,1
-0.9410860546514369,0.11995578981206202,male,0.0,own,moderate,,-0.19506581026273925,-0.7507654475347578,radio/TV,good,1,1,1,3,5,1
0.5073707508114385,-0.5678624608890895,female,0.0,own,quite rich,,-0.7313618253881018,0.6352630709909489,radio/TV,good,0,1,2,3,5,1
1.6797602938469838,0.11995578981206202,male,0.0,own,quite rich,,-0.015599431344970901,0.6352630709909489,radio/TV,bad,1,1,2,3,5,0
-1.532658759852859,-1.1574209614900766,male,0.0,own,rich,moderate,-0.9900457856250413,-0.7507654475347578,car,good,1,1,3,1,1,1
-1.0127918371000941,1.5938520413145296,male,0.0,own,little,little,2.0146139801622835,0.9817702006223756,business,bad,1,1,0,0,0,0
1.543519307194535,1.2008130409138715,male,0.0,own,little,little,-1.2073683538457765,-0.7507654475347578,car,bad,1,1,0,0,1,0
-0.6148247445100467,-0.5678624608890895,male,0.0,own,rich,little,0.16807319082868266,-0.057751188271904445,furniture/equipment,good,1,1,3,0,4,1
1.647492691745088,-0.469602710788925,female,0.0,own,little,little,-0.3689238648393274,-0.7507654475347578,car,good,0,1,0,0,1,1
1.5757869092964307,-1.059161211389912,female,0.0,own,little,little,-0.6458348791851027,-0.7507654475347578,radio/TV,good,0,1,0,0,5,1
-1.353394303731216,-0.6661222109892541,female,0.0,rent,,little,-0.20137517514656705,-0.9817702006223756,furniture/equipment,good,0,2,4,0,4,1
-0.13439600210404345,0.11995578981206202,male,0.0,free,little,little,0.6777296653334389,-0.7507654475347578,car,bad,1,0,0,0,1,0
-1.5828528075669188,-0.273083210588596,male,0.0,own,,,0.6721213409922586,-0.057751188271904445,car,good,1,1,4,3,1,1
-1.6366321444034118,0.31647529001239105,male,0.0,own,little,rich,-0.8372189473278792,-0.9817702006223756,domestic appliances,good,1,1,0,2,2,1
0.4894443051992742,1.0042935407135425,male,0.0,own,little,little,-0.6072776493394885,-0.057751188271904445,furniture/equipment,bad,1,1,0,0,4,0
-1.2960296777722902,1.299072791014036,male,0.0,free,little,,-0.3051291754584019,-0.057751188271904445,furniture/equipment,good,1,0,0,3,4,1
0.59700297887226,-1.059161211389912,male,0.0,own,,little,-1.0650571236883273,-0.7507654475347578,car,bad,1,1,4,0,1,0
0.0018449845484052204,-1.3539404616904056,male,0.0,own,,little,0.4043238537009012,0.6352630709909489,furniture/equipment,bad,1,1,4,0,4,0
1.3570842728280264,-0.9609014612897475,female,0.0,own,,,-1.0832841777971631,-0.4042583179033311,domestic appliances,good,0,1,4,3,2,1
-0.1308107129816106,-0.6661222109892541,female,0.0,own,little,little,-1.4555367059430029,-1.4437797067976113,domestic appliances,good,0,1,0,0,2,1
-1.141862245507677,0.8077740405132136,male,0.0,own,little,little,0.11058786633158497,-0.7507654475347578,furniture/equipment,good,1,1,0,0,4,1
-0.5753865641632853,-1.059161211389912,male,0.0,rent,little,little,1.1852830182102525,0.6352630709909489,furniture/equipment,bad,1,2,0,0,4,0
0.19903588628221253,-1.059161211389912,female,0.0,own,,,-0.9977572315941642,-0.7507654475347578,repairs,good,0,1,4,3,6,1
1.0451641191763674,0.6112545403128845,male,0.0,own,quite rich,,0.1792898395110432,0.4042583179033311,radio/TV,good,1,1,2,3,5,1
-1.5864380966893517,-0.862641711189583,male,0.0,own,little,,-0.8112804472499204,-0.7507654475347578,radio/TV,good,1,1,0,3,5,1
0.00901556279327094,0.6112545403128845,male,0.0,own,little,,-0.5848443519747675,0.6352630709909489,furniture/equipment,good,1,1,0,3,4,1
0.1273301038335553,-0.1748234604884315,male,0.0,own,little,moderate,-0.10252845863326496,2.0212915895166557,education,good,1,1,0,1,3,1
0.801364458850933,-0.273083210588596,male,0.0,own,,rich,0.5108820161833261,0.6352630709909489,radio/TV,good,1,1,4,2,5,1
-1.7155085050969348,1.8886312916150232,male,0.0,own,,,0.0033286633065124803,0.6352630709909489,radio/TV,good,1,1,4,3,5,1
-0.9948653914879299,-1.059161211389912,male,0.0,own,little,rich,1.0471780313086887,2.0212915895166557,radio/TV,good,1,1,0,2,5,1
-1.4286853753023059,2.674709292416339,female,0.0,own,,,-0.28550004026427095,-0.7507654475347578,education,good,0,1,4,3,3,1
0.67229405044335,-0.076563710388267,male,0.0,own,little,,-0.6598556900380534,-0.4042583179033311,radio/TV,good,1,1,0,3,5,1
0.5145413290563042,0.02169603971189751,female,0.0,own,little,,-0.6493400818983405,-0.7507654475347578,radio/TV,good,0,1,0,3,5,1
-1.6402174335258446,0.31647529001239105,male,0.0,own,little,rich,-0.2238084725112881,-0.057751188271904445,radio/TV,bad,1,1,0,2,5,0
-1.4107589296901417,-0.9609014612897475,male,0.0,rent,little,moderate,-0.06747643150088832,2.0212915895166557,radio/TV,good,1,2,0,1,5,1
-0.40329268628650794,-0.862641711189583,female,0.0,rent,,,-0.7965585958543223,0.4042583179033311,car,good,0,2,4,3,1,1
0.8336320609528287,-0.862641711189583,female,0.0,rent,little,little,-0.3766353108084502,-0.057751188271904445,radio/TV,bad,0,2,0,0,5,0
-1.729849661586666,-1.1574209614900766,female,0.0,own,little,moderate,-0.597463081742423,-0.7507654475347578,radio/TV,good,0,1,0,1,5,1
1.2351844426653091,1.2008130409138715,male,0.0,own,little,,0.1344232447816011,0.6352630709909489,radio/TV,good,1,1,0,3,5,1
-0.21327236279756637,-0.862641711189583,male,0.0,own,,moderate,-0.6556494467821682,-0.7507654475347578,radio/TV,bad,1,1,4,1,5,0
-1.3318825689966187,2.871228792616668,male,0.0,free,little,rich,-1.1484809482633838,-0.9817702006223756,car,good,1,0,0,2,1,1
-0.47141317961273227,-1.255680711590241,male,0.0,rent,little,,-0.457956013755564,-1.4437797067976113,furniture/equipment,good,1,2,0,3,4,1
1.6295662461329237,-0.273083210588596,male,0.0,own,moderate,,0.8424741928556091,0.6352630709909489,radio/TV,bad,1,1,1,3,5,0
-1.0307182827122585,-0.7643819610894186,male,0.0,own,little,moderate,-0.6977118793410202,-0.7507654475347578,domestic appliances,good,1,1,0,1,2,1
0.5432236420357671,-0.1748234604884315,male,0.0,own,little,little,1.5168751948825354,1.3282773302538022,furniture/equipment,good,1,1,0,0,4,1
0.13450068207842103,0.709514290413049,male,0.0,rent,little,,-0.6423296764718651,-0.7507654475347578,car,good,1,2,0,3,1,1
-1.5398293380977246,1.3973325411142006,male,0.0,own,,,1.942406804269588,0.9817702006223756,repairs,good,1,1,4,3,6,1
-0.20610178455270065,0.31647529001239105,female,0.0,own,rich,,-0.7937544336837321,0.6352630709909489,car,good,0,1,3,3,1,1
0.8874113977893217,0.709514290413049,male,0.0,own,,,0.5192945026950965,0.28875594135952226,radio/TV,good,1,1,4,3,5,1
-1.5577557837098888,-0.6661222109892541,male,0.0,own,little,moderate,-0.7208462172483887,-1.0972725771661844,business,good,1,1,0,1,0,1
-1.7011673486072032,1.3973325411142006,male,0.0,own,little,,-0.19997309406127198,-1.0972725771661844,car,good,1,1,0,3,1,1
-0.5646306967959867,-0.9609014612897475,female,0.0,rent,,little,-0.8021669201955025,-0.4042583179033311,domestic appliances,bad,0,2,4,0,2,0
-1.4035883514452758,0.11995578981206202,male,0.0,rent,little,moderate,-0.3506968107304915,-1.0972725771661844,furniture/equipment,good,1,2,0,1,4,1
-1.0450594392019898,-1.255680711590241,male,0.0,rent,little,little,-1.0636550426030322,-0.7507654475347578,education,bad,1,2,0,0,3,0
-1.4860500012612317,1.0042935407135425,female,0.0,own,,,2.47029033288318,0.6352630709909489,radio/TV,bad,0,1,4,3,5,0
-0.7403098637951968,1.495592291214365,female,0.0,own,little,moderate,-0.930457339500001,-0.7507654475347578,radio/TV,good,0,1,0,1,5,1
1.572201620173998,0.8077740405132136,male,0.0,own,quite rich,,-1.3300504488090947,-0.7507654475347578,radio/TV,good,1,1,2,3,5,1
-0.9805242349981984,-1.059161211389912,female,0.0,rent,,little,-0.8547449608940675,-0.7507654475347578,education,good,0,2,4,0,3,1
1.1563080819717861,-0.9609014612897475,female,0.0,rent,little,,-0.6065766087968409,-1.4437797067976113,radio/TV,good,0,2,0,3,5,1
-1.0056212588552285,1.6921117914146941,male,0.0,own,,,0.6468838814569474,2.0212915895166557,radio/TV,good,1,1,4,3,5,1
0.1201595255886896,-0.273083210588596,male,0.0,rent,little,little,-0.08219828289648651,2.0212915895166557,radio/TV,bad,1,2,0,0,5,0
-0.44273086663326944,-0.076563710388267,male,0.0,own,little,,2.5593224817994167,-0.057751188271904445,radio/TV,good,1,1,0,3,5,1
-0.6040688771427482,1.495592291214365,male,0.0,rent,,,2.3707425758272302,-0.7507654475347578,furniture/equipment,good,1,2,4,3,4,1
1.314060803358832,-0.5678624608890895,male,0.0,own,little,,-0.17543667506860836,-0.057751188271904445,business,bad,1,1,0,3,0,0
-0.2204429410424321,-0.076563710388267,male,0.0,own,little,,-0.25325217530248445,0.6352630709909489,repairs,good,1,1,0,3,6,1
-0.8227715136111525,0.31647529001239105,male,0.0,own,little,moderate,-1.1337590968677855,-0.4042583179033311,radio/TV,bad,1,1,0,1,5,0
-0.4821690469800309,2.674709292416339,male,0.0,free,,moderate,-0.8274043797308137,-0.057751188271904445,education,good,1,0,4,1,3,1
0.9411907346258145,0.51299479021272,male,0.0,free,,rich,-0.8049710823660927,-0.4042583179033311,radio/TV,bad,1,0,4,2,5,0
1.0236523844417704,-0.862641711189583,male,0.0,own,little,moderate,1.762239384809172,2.3677987191480825,radio/TV,bad,1,1,0,1,5,0
1.568616331051565,-0.3713429606887605,male,0.0,own,little,,-0.8379199878705267,-1.0972725771661844,car,good,1,1,0,3,1,1
0.08789192348679387,0.21821553991222653,male,0.0,free,,,-1.2052652322178339,-1.4437797067976113,radio/TV,good,1,0,4,3,5,1
1.3319872489709963,-0.6661222109892541,female,0.0,own,little,little,-0.021207755686151162,-0.057751188271904445,radio/TV,good,0,1,0,0,5,1
1.5004958377253408,-0.5678624608890895,male,0.0,own,rich,,-0.19436476972009173,-0.8662678240785667,business,good,1,1,3,3,0,1
-0.8478685374681826,-1.059161211389912,female,0.0,own,moderate,,0.9763729365012878,-0.4042583179033311,car,good,0,1,1,3,1,1
1.3534989837055935,-0.7643819610894186,male,0.0,own,moderate,little,-0.7271555821322165,0.6352630709909489,business,good,1,1,1,0,0,1
-1.2888590995274243,0.4147350401125555,female,0.0,own,,,-0.8267033391881662,-0.7507654475347578,radio/TV,good,0,1,4,3,5,1
1.4323753443991163,-0.469602710788925,male,0.0,own,,,-0.876477217716141,-0.057751188271904445,radio/TV,good,1,1,4,3,5,1
-0.2706369887564921,-0.076563710388267,female,0.0,own,,moderate,-0.9655093666323776,-0.057751188271904445,car,bad,0,1,4,1,1,0
-0.657848213979241,-0.862641711189583,male,0.0,own,moderate,,2.1674408184594456,0.6352630709909489,furniture/equipment,good,1,1,1,3,4,1
-0.5144366490819267,-0.469602710788925,female,0.0,own,little,moderate,-1.023695731672123,-1.0972725771661844,furniture/equipment,bad,0,1,0,1,4,0
1.2495255991550405,1.5938520413145296,male,0.0,own,little,,-0.6030714060836032,0.6352630709909489,business,good,1,1,0,3,0,1
0.9877994932174418,-0.7643819610894186,female,0.0,rent,,little,0.27533239385375513,0.6352630709909489,car,good,0,2,4,0,1,1
0.0663801887521967,-1.3539404616904056,male,0.0,rent,little,moderate,-1.2858848946223,-0.7507654475347578,radio/TV,good,1,2,0,1,5,1
-0.4857543361024637,-1.059161211389912,female,0.0,rent,little,little,-0.009290066461143108,1.3282773302538022,furniture/equipment,bad,0,2,0,0,4,0
-1.1992268714666028,0.21821553991222653,male,0.0,own,moderate,,0.31739482641260713,0.6352630709909489,radio/TV,good,1,1,1,3,5,1
-1.0343035718346913,0.9060337906133781,male,0.0,own,little,,-0.339480162048131,-0.7507654475347578,furniture/equipment,good,1,1,0,3,4,1
0.08072134524192814,-1.059161211389912,female,0.0,rent,little,,3.3003223353778584,2.0212915895166557,furniture/equipment,bad,0,2,0,3,4,0
-0.8191862244887197,0.21821553991222653,male,0.0,own,,,2.723365968778939,2.0212915895166557,business,good,1,1,4,3,0,1
-1.1526181128749757,-0.076563710388267,male,0.0,own,little,moderate,-0.7047222847674955,-1.2127749537099934,radio/TV,good,1,1,0,1,5,1
-0.7761627550195254,-0.1748234604884315,female,0.0,own,little,,1.5365043300766663,-1.4437797067976113,furniture/equipment,bad,0,1,0,3,4,0
-0.01608146106375908,-0.7643819610894186,male,0.0,own,little,,-0.3401812025907785,-0.7507654475347578,radio/TV,good,1,1,0,3,5,1
0.030527297527868102,0.4147350401125555,male,0.0,own,moderate,moderate,-0.843528312211707,0.6352630709909489,radio/TV,bad,1,1,1,1,5,0
0.8228761935855301,-1.255680711590241,female,0.0,rent,little,,0.10568058253305225,0.9817702006223756,car,bad,0,2,0,3,1,0
0.01977143016056952,-0.6661222109892541,female,0.0,own,little,little,0.4933560026171378,0.6352630709909489,car,bad,0,1,0,0,1,0
-1.07015646305902,-0.5678624608890895,female,0.0,own,little,,-0.7271555821322165,-1.4437797067976113,radio/TV,good,0,1,0,3,5,1
0.29583869258789974,-0.076563710388267,female,0.0,own,,,-0.3450884863893112,0.6352630709909489,education,good,0,1,4,3,3,1
-1.2386650518133644,1.2008130409138715,male,0.0,own,rich,,-0.58694747360271,-0.057751188271904445,radio/TV,good,1,1,3,3,5,1
1.3068902251139662,-0.7643819610894186,male,0.0,rent,moderate,,0.8116284089791176,-1.0972725771661844,car,good,1,2,1,3,1,1
1.6116398005207593,1.2008130409138715,female,0.0,rent,little,little,-0.4025738108864089,-0.4042583179033311,furniture/equipment,good,0,2,0,0,4,1
-0.9769389458757656,-0.3713429606887605,male,0.0,own,little,,-1.200357948419301,-0.7507654475347578,radio/TV,good,1,1,0,3,5,1
0.25998580136357113,0.02169603971189751,male,0.0,own,rich,,0.11128890687423251,0.6352630709909489,radio/TV,good,1,1,3,3,5,1
0.4069826553833184,-0.076563710388267,male,0.0,own,little,,-0.2581594591010172,-0.057751188271904445,radio/TV,good,1,1,0,3,5,1
0.8049497479733658,-0.273083210588596,male,0.0,own,moderate,moderate,2.614003644125924,0.17325356481571336,car,good,1,1,1,1,1,1
1.1885756840736819,-0.076563710388267,female,0.0,rent,little,little,1.084333180069008,-0.057751188271904445,car,bad,0,2,0,0,1,0
1.6403221135002222,-0.5678624608890895,female,0.0,rent,quite rich,moderate,1.187386139838195,0.6352630709909489,car,bad,0,2,2,1,1,0
0.05562432138489812,-0.7643819610894186,male,0.0,own,little,little,-1.1639038402016293,-0.7507654475347578,car,bad,1,1,0,0,1,0
0.3818856315262884,-0.3713429606887605,female,0.0,own,little,moderate,-1.0524383939206716,-1.0972725771661844,furniture/equipment,bad,0,1,0,1,4,0
1.0559199865436661,-0.6661222109892541,male,0.0,own,little,little,2.508847562728794,2.4833010956918913,education,bad,1,1,0,0,3,0
0.21696233189437683,-1.1574209614900766,male,0.0,own,little,moderate,-0.7629086498072407,-0.7507654475347578,radio/TV,bad,1,1,0,1,5,0
-1.4896352903836645,-1.1574209614900766,male,0.0,own,little,moderate,0.9903937473542385,1.3282773302538022,furniture/equipment,good,1,1,0,1,4,1
-0.862209693957914,-0.9609014612897475,male,0.0,own,,moderate,-0.2728813104966154,-1.0972725771661844,furniture/equipment,good,1,1,4,1,4,1
-0.1128842673694463,0.4147350401125555,male,0.0,own,,moderate,-1.1674090429148671,-0.7507654475347578,education,good,1,1,4,1,3,1
0.29225340346546685,-0.6661222109892541,female,0.0,own,little,moderate,0.358055177886164,-0.7507654475347578,radio/TV,good,0,1,0,1,5,1
-1.3426384363639172,-0.862641711189583,female,0.0,own,little,little,-0.4095842163128843,0.28875594135952226,radio/TV,bad,0,1,0,0,5,0
-1.0235477044673926,2.085150791815352,male,0.0,own,rich,,-0.7054233253101431,-0.7507654475347578,car,good,1,1,3,3,1,1
1.3785960075626233,0.21821553991222653,male,0.0,own,,,3.0304217264585587,1.3282773302538022,radio/TV,good,1,1,4,3,5,1
0.16676828418031678,2.576449542316175,male,0.0,free,little,,-0.2714792294113203,0.6352630709909489,car,good,1,0,0,3,1,1
-0.06269021965538626,-0.862641711189583,male,0.0,own,little,rich,1.9157672636489815,0.6352630709909489,radio/TV,good,1,1,0,2,5,1
0.8587290848098588,0.31647529001239105,female,0.0,own,little,,0.6735234220775537,-1.674784459885229,car,good,0,1,0,3,1,1
-0.786918622386824,-0.1748234604884315,male,0.0,own,little,,0.19471273144928888,-1.0972725771661844,radio/TV,good,1,1,0,3,5,1
-0.0411784849207891,-0.3713429606887605,female,0.0,own,rich,,-1.0229946911294754,-0.4042583179033311,furniture/equipment,good,0,1,3,3,4,1
1.0272376735642033,2.576449542316175,male,0.0,own,rich,,-0.33597495933489335,0.6352630709909489,car,good,1,1,3,3,1,1
-1.4824647121387988,1.299072791014036,male,0.0,own,quite rich,,-0.8456314338396496,-0.4042583179033311,radio/TV,good,1,1,2,3,5,1
0.7547557002593058,0.11995578981206202,female,0.0,free,quite rich,,2.036346236984357,-0.4042583179033311,car,good,0,0,2,3,1,1
-0.4606573122454337,-0.6661222109892541,male,0.0,own,little,,1.003012477121894,-0.057751188271904445,car,good,1,1,0,3,1,1
0.8443879283201273,-0.076563710388267,male,0.0,own,little,moderate,2.792768982501045,0.6352630709909489,radio/TV,good,1,1,0,1,5,1
-0.8156009353662869,0.4147350401125555,female,0.0,own,little,,-0.6212984601924391,0.6352630709909489,radio/TV,good,0,1,0,3,5,1
1.131211058114756,-0.7643819610894186,male,0.0,own,little,moderate,-1.0601498398897946,-1.2127749537099934,business,good,1,1,0,1,0,1
-0.8084303571214211,-0.862641711189583,male,0.0,own,,,-0.9956541099662215,0.6352630709909489,radio/TV,good,1,1,4,3,5,1
0.45359141397494557,-0.1748234604884315,male,0.0,own,little,,-0.6234015818203817,-0.057751188271904445,car,bad,1,1,0,3,1,0
0.2994239817103326,-0.6661222109892541,male,0.0,own,little,moderate,0.28094071819493543,2.0212915895166557,car,bad,1,1,0,1,1,0
-0.9554272111411684,-1.1574209614900766,male,0.0,own,little,,-0.6598556900380534,-1.0972725771661844,radio/TV,bad,1,1,0,3,5,0
0.9340201563809488,-0.1748234604884315,female,0.0,rent,,little,-0.7951565147690273,0.6352630709909489,car,bad,0,2,4,0,1,0
-1.1167652216506472,1.5938520413145296,male,0.0,own,rich,,0.9518365175086242,0.6352630709909489,furniture/equipment,good,1,1,3,3,4,1
-0.837112670100884,2.085150791815352,female,0.0,own,little,little,-0.5722256222071118,0.6352630709909489,radio/TV,good,0,1,0,0,5,1
-0.19176062806296923,-0.3713429606887605,female,0.0,own,little,little,-0.5603079329821038,-0.7507654475347578,furniture/equipment,good,0,1,0,0,4,1
0.2097917536495111,-0.6661222109892541,male,0.0,own,moderate,moderate,-0.297417729489279,-0.7507654475347578,car,good,1,1,1,1,1,1
-1.1131799325282141,0.21821553991222653,male,0.0,own,little,moderate,-1.0762737723706879,-0.057751188271904445,car,bad,1,1,0,1,1,0
1.1634786602166518,-0.7643819610894186,male,0.0,own,little,little,-0.7530940822101753,-0.057751188271904445,radio/TV,bad,1,1,0,0,5,0
0.09506250173165957,-0.9609014612897475,female,0.0,own,little,little,0.5403257189745225,-0.057751188271904445,radio/TV,bad,0,1,0,0,5,0
1.5650310419291322,-1.1574209614900766,female,0.0,own,little,moderate,-0.5252559058497271,-1.0972725771661844,radio/TV,bad,0,1,0,1,5,0
-0.966183078508467,-0.6661222109892541,male,0.0,own,little,,0.13582532586689616,2.0212915895166557,repairs,good,1,1,0,3,6,1
-0.553874829428688,-0.9609014612897475,female,0.0,free,little,moderate,2.3300822243536734,0.6352630709909489,education,good,0,0,0,1,3,1
-0.44631615575570227,0.21821553991222653,male,0.0,own,,,0.46251021874064635,2.0212915895166557,car,good,1,1,4,3,1,1
-0.14515186947134204,-0.273083210588596,male,0.0,own,little,little,1.680918681862058,0.6352630709909489,car,bad,1,1,0,0,1,0
0.45000612485251273,-0.6661222109892541,male,0.0,own,little,moderate,0.8642064496776826,0.28875594135952226,business,good,1,1,0,1,0,1
0.3962267880160198,-1.1574209614900766,male,0.0,own,quite rich,little,0.2865490425361157,0.6352630709909489,furniture/equipment,good,1,1,2,0,4,1
0.7762674349939029,0.11995578981206202,female,0.0,free,little,little,-0.8561470419793625,-1.4437797067976113,education,bad,0,0,0,0,3,0
0.41056794450575124,1.102553290813707,male,0.0,free,,,-0.7846409066293142,-0.4042583179033311,car,good,1,0,4,3,1,1
1.1670639493390846,-0.6661222109892541,male,0.0,own,little,,-0.9241479746161733,-0.7507654475347578,car,good,1,1,0,3,1,1
0.288668114343034,-0.9609014612897475,female,0.0,own,little,,0.2585074208302144,-0.4042583179033311,furniture/equipment,good,0,1,0,3,4,1
-0.9482566328963027,-0.7643819610894186,male,0.0,own,little,rich,1.2553870724750058,2.0212915895166557,radio/TV,bad,1,1,0,2,5,0
1.0666758539109646,-0.6661222109892541,male,0.0,own,,,-0.8400231094984693,-1.4437797067976113,furniture/equipment,good,1,1,4,3,4,1
-0.3064898799808207,-0.5678624608890895,male,0.0,own,quite rich,rich,-1.0377165425250736,-0.7507654475347578,car,bad,1,1,2,2,1,0
1.3033049359915334,-0.469602710788925,female,0.0,own,little,little,1.079425896270475,-0.4042583179033311,car,bad,0,1,0,0,1,0
-0.32441632559298506,0.9060337906133781,male,0.0,own,,moderate,0.3363229210640905,-0.057751188271904445,car,good,1,1,4,1,1,1
-0.912403741671974,-0.469602710788925,female,0.0,own,,little,-1.0545415155486142,0.6352630709909489,car,bad,0,1,4,0,1,0
1.310475514236399,-0.6661222109892541,male,0.0,own,rich,,2.372845697455173,0.6352630709909489,car,good,1,1,3,3,1,1
0.930434867258516,2.085150791815352,male,0.0,free,rich,,-0.6058755682541934,-0.7507654475347578,repairs,bad,1,0,3,3,6,0
0.6005882679946928,1.5938520413145296,male,0.0,own,little,,-0.124961755997986,0.28875594135952226,furniture/equipment,good,1,1,0,3,4,1
1.005725938829606,-0.862641711189583,female,0.0,rent,,little,-0.7348670281013394,0.6352630709909489,car,bad,0,2,4,0,1,0
0.32810629468979546,0.21821553991222653,male,0.0,rent,little,little,0.2662188667993372,-1.0972725771661844,car,good,1,2,0,0,1,1
0.9017525542790531,-1.059161211389912,female,0.0,rent,little,little,0.06431919051684783,-0.4042583179033311,car,good,0,2,0,0,1,1
0.3747150532814227,-0.1748234604884315,male,0.0,free,little,,1.012126004176312,0.6352630709909489,business,good,1,0,0,3,0,1
0.1022330799765253,-1.059161211389912,female,0.0,own,moderate,,0.7492358006834873,0.6352630709909489,car,good,0,1,1,3,1,1
0.926849578136083,-0.862641711189583,female,0.0,own,little,,2.349711359547804,1.3282773302538022,radio/TV,good,0,1,0,3,5,1
0.6866352069330814,-0.6661222109892541,male,0.0,own,,rich,-0.7516920011248802,-0.9817702006223756,radio/TV,good,1,1,4,2,5,1
0.4392502574852141,0.31647529001239105,male,0.0,rent,little,little,0.8810314227012234,-1.4437797067976113,car,good,1,2,0,0,1,1
-1.0199624153449598,-0.076563710388267,male,0.0,own,,,0.45900501602740873,-1.0972725771661844,radio/TV,good,1,1,4,3,5,1
-0.5861424315305838,-0.3713429606887605,female,0.0,own,moderate,,-0.3892540405761058,-0.057751188271904445,education,bad,0,1,1,3,3,0
1.2459403100326076,-1.059161211389912,female,0.0,own,little,,-0.3338718377069507,-0.057751188271904445,repairs,bad,0,1,0,3,6,0
1.4036930314196534,0.02169603971189751,male,0.0,own,,moderate,0.28444592090817306,0.6352630709909489,business,good,1,1,4,1,0,1
0.62210000272929,0.9060337906133781,male,0.0,rent,little,little,1.699145735970894,-0.7507654475347578,car,bad,1,2,0,0,1,0
0.22413291013924255,-0.469602710788925,female,0.0,own,,,1.811312222794499,0.28875594135952226,car,bad,0,1,4,3,1,0
-0.7833333332643911,-0.7643819610894186,female,0.0,own,little,,-0.010692147546438173,-0.057751188271904445,radio/TV,good,0,1,0,3,5,1
0.8551437956874259,-0.5678624608890895,female,0.0,rent,rich,,0.12881492044042084,0.6352630709909489,car,good,0,2,3,3,1,1
-0.24195467577702925,1.2008130409138715,male,0.0,own,rich,,-0.8904980285690917,-0.057751188271904445,radio/TV,good,1,1,3,3,5,1
1.5112517050926393,-0.1748234604884315,male,0.0,own,moderate,,0.30056985338906633,-0.9817702006223756,car,good,1,1,1,3,1,1
0.4786884378319756,0.21821553991222653,male,0.0,own,quite rich,,1.1376122613102204,2.714305848779509,furniture/equipment,good,1,1,2,3,4,1
-0.6937011052035696,0.8077740405132136,female,0.0,own,little,moderate,0.9707646121601076,2.0212915895166557,radio/TV,bad,0,1,0,1,5,0
0.24205935575140683,-0.469602710788925,female,0.0,own,little,rich,-1.2171829214428418,-1.4437797067976113,radio/TV,good,0,1,0,2,5,1
-0.8801361395700783,-1.1574209614900766,female,0.0,rent,little,,-1.392443057104725,-0.057751188271904445,radio/TV,bad,0,2,0,3,5,0
-0.4642426013678666,0.21821553991222653,male,0.0,own,little,,-0.6149890953086113,-0.7507654475347578,business,good,1,1,0,3,0,1
-0.08420195438998342,-1.059161211389912,female,0.0,own,little,little,-1.381927448965012,-1.4437797067976113,education,bad,0,1,0,0,3,0
-0.24553996489946212,-0.469602710788925,male,0.0,own,little,,0.2269605964110754,1.0972725771661844,radio/TV,good,1,1,0,3,5,1
-0.9984506806103627,-0.273083210588596,male,0.0,own,little,little,0.4800362323068347,-0.057751188271904445,business,good,1,1,0,0,0,1
-0.9733536567533327,-0.1748234604884315,male,0.0,own,,,0.3917051239332456,0.6352630709909489,business,good,1,1,4,3,0,1
0.751170411136873,-0.1748234604884315,female,0.0,own,little,moderate,0.07623687974185588,0.9817702006223756,business,good,0,1,0,1,0,1
-0.3029045908583879,-1.3539404616904056,female,0.0,own,little,moderate,-0.3170468646834099,0.6352630709909489,radio/TV,good,0,1,0,1,5,1
1.2065021296858462,-1.059161211389912,female,0.0,rent,little,little,-0.843528312211707,-0.057751188271904445,car,bad,0,2,0,0,1,0
0.6687087613209172,0.31647529001239105,male,0.0,free,,,-0.09832221537737976,-0.7507654475347578,radio/TV,good,1,0,4,3,5,1
0.442835546607647,-1.255680711590241,female,0.0,rent,moderate,moderate,0.7162868951790532,1.3282773302538022,furniture/equipment,bad,0,2,1,1,4,0
-0.9195743199168398,0.11995578981206202,female,0.0,own,little,,-0.790950271513142,-0.7507654475347578,radio/TV,good,0,1,0,3,5,1
1.7048573177040136,-1.1574209614900766,male,0.0,own,moderate,moderate,-0.6346182305027422,-0.4042583179033311,repairs,good,1,1,1,1,6,1
0.06279489962976384,-0.7643819610894186,male,0.0,rent,little,rich,0.18770232602281356,-0.4042583179033311,business,good,1,2,0,2,0,1
1.4001077422972206,1.8886312916150232,female,0.0,own,little,little,-1.1386663806663182,-0.7507654475347578,education,bad,0,1,0,0,3,0
1.2674520447672049,2.47818979221601,male,0.0,own,little,little,-0.7397743118998721,-1.0972725771661844,radio/TV,good,1,1,0,0,5,1
-1.0486447283244227,-0.7643819610894186,male,0.0,own,little,,1.891230844656318,0.9817702006223756,business,good,1,1,0,3,0,1
0.9447760237482474,-0.273083210588596,male,0.0,own,little,,-0.7194441361630937,0.6352630709909489,car,good,1,1,0,3,1,1
0.5898324006273943,0.709514290413049,male,0.0,own,little,moderate,2.7633252797098486,-0.057751188271904445,furniture/equipment,good,1,1,0,1,4,1
-0.8908920069373769,1.7903715415148587,male,0.0,own,little,,-1.1933475429928257,-0.7507654475347578,radio/TV,good,1,1,0,3,5,1
0.8909966869117545,-1.1574209614900766,male,0.0,own,quite rich,little,0.04469005532271691,0.6352630709909489,furniture/equipment,good,1,1,2,0,4,1
-1.4358559535471715,1.9868910417151877,male,0.0,own,rich,moderate,-0.7720221768616586,-0.7507654475347578,car,good,1,1,3,1,1,1
-0.6542629248568081,-0.7643819610894186,female,0.0,own,little,rich,0.9322073823144933,0.6352630709909489,furniture/equipment,good,0,1,0,2,4,1
-1.3032002560171558,-0.469602710788925,male,0.0,own,little,little,3.132072605142451,2.0212915895166557,education,bad,1,1,0,0,3,0
0.0484537431400324,-0.5678624608890895,male,0.0,own,little,,-0.7054233253101431,0.6352630709909489,radio/TV,good,1,1,0,3,5,1
-1.1813004258544386,-0.1748234604884315,male,0.0,own,quite rich,,0.3917051239332456,-1.4437797067976113,furniture/equipment,good,1,1,2,3,4,1
-0.17024889332837206,0.11995578981206202,male,0.0,own,little,moderate,0.10988682578893745,-1.3282773302538022,radio/TV,good,1,1,0,1,5,1
-0.5216072273267923,-0.1748234604884315,male,0.0,free,rich,moderate,-0.8996115556235096,-1.0972725771661844,education,bad,1,0,3,1,3,0
1.059505275666099,0.51299479021272,female,0.0,own,little,moderate,-0.8631574474058379,0.28875594135952226,business,bad,0,1,0,1,0,0
-0.733139285550331,-0.7643819610894186,male,0.0,own,little,,-0.9416739881823616,-0.7507654475347578,business,good,1,1,0,3,0,1
-1.6724850356277403,0.02169603971189751,male,0.0,own,little,moderate,-0.0029807015773153137,-1.3282773302538022,radio/TV,good,1,1,0,1,5,1
-1.4968058686285302,1.6921117914146941,male,0.0,own,little,moderate,1.6486708169002717,-0.8662678240785667,radio/TV,good,1,1,0,1,5,1
-1.5434146272201574,-0.7643819610894186,female,0.0,own,little,,0.5340163540906947,0.6352630709909489,radio/TV,good,0,1,0,3,5,1
-0.6435070574895095,-0.273083210588596,male,0.0,own,little,little,0.22906371803901798,2.0212915895166557,furniture/equipment,bad,1,1,0,0,4,0
-0.8406979592233169,-0.6661222109892541,male,0.0,own,little,little,-0.5343694329041451,-0.7507654475347578,furniture/equipment,good,1,1,0,0,4,1
1.184990394951249,-0.3713429606887605,male,0.0,own,little,little,-0.5729266627497593,0.28875594135952226,car,good,1,1,0,0,1,1
0.6938057851779472,0.11995578981206202,male,0.0,own,moderate,,0.23397100183755073,-1.0972725771661844,radio/TV,good,1,1,1,3,5,1
-0.31724574734811933,0.9060337906133781,male,0.0,own,,,-0.15580753987447743,0.6352630709909489,car,good,1,1,4,3,1,1
-1.1382769563852442,1.7903715415148587,male,0.0,own,quite rich,little,-1.4590419086562407,-1.4437797067976113,radio/TV,good,1,1,2,0,5,1
-1.400003062322843,-0.7643819610894186,male,0.0,rent,,,0.018050514702110665,-0.7507654475347578,car,good,1,2,4,3,1,1
-0.18817533894053637,-0.469602710788925,male,0.0,own,little,moderate,0.1470419745492567,0.17325356481571336,vacation/others,good,1,1,0,1,7,1
0.9519466019931131,2.47818979221601,female,0.0,own,,,1.8407559255856956,-0.4042583179033311,car,good,0,1,4,3,1,1
0.467932570464677,0.11995578981206202,male,0.0,own,,,-0.3086343781716396,-0.4042583179033311,radio/TV,good,1,1,4,3,5,1
1.7909042566424023,1.5938520413145296,male,0.0,own,,,-0.02050671514350363,-0.7507654475347578,car,good,1,1,4,3,1,1
-0.5933130097754495,-0.5678624608890895,male,0.0,own,little,moderate,-0.9472823125235418,-1.4437797067976113,radio/TV,good,1,1,0,1,5,1
1.1025287451352932,-0.9609014612897475,female,0.0,own,little,little,1.2988515861191527,0.17325356481571336,furniture/equipment,good,0,1,0,0,4,1
-1.450197110036903,2.1834105419155168,male,0.0,own,little,,-1.2627505567149315,-0.7507654475347578,radio/TV,good,1,1,0,3,5,1
1.4287900552766835,0.02169603971189751,male,0.0,own,little,moderate,2.370041535284583,2.0212915895166557,car,good,1,1,0,1,1,1
1.0774317212782631,-1.1574209614900766,female,0.0,rent,moderate,,-0.08289932343913403,-1.0972725771661844,furniture/equipment,good,0,2,1,3,4,1
-0.42121913189867227,0.21821553991222653,male,0.0,free,,,-1.102913312991294,-1.3282773302538022,radio/TV,good,1,0,4,3,5,1
0.7153175199125443,-0.5678624608890895,male,0.0,own,little,,-0.0948170126641421,0.6352630709909489,radio/TV,good,1,1,0,3,5,1
0.04128316489516668,0.21821553991222653,male,0.0,own,quite rich,rich,-0.04153793142292961,-0.4042583179033311,car,good,1,1,2,2,1,1
0.4966148834441399,-1.4522002117905701,female,0.0,rent,little,,-0.307933337628992,-1.0972725771661844,furniture/equipment,bad,0,2,0,3,4,0
0.74758512201444,0.709514290413049,male,0.0,own,moderate,moderate,0.05871086617566756,1.3282773302538022,business,good,1,1,1,1,0,1
-0.10929897824701344,0.02169603971189751,male,0.0,own,little,,-0.328964553908418,-0.057751188271904445,business,good,1,1,0,3,0,1
1.2746226230120705,-0.076563710388267,male,0.0,rent,little,little,-0.12916799925387118,0.17325356481571336,car,bad,1,2,0,0,1,0
-1.7226790833418004,-0.5678624608890895,female,0.0,rent,little,little,-0.7124337307366183,-0.4042583179033311,car,good,0,2,0,0,1,1
-0.094957821757282,-0.7643819610894186,female,0.0,own,little,,0.24168244780667358,1.674784459885229,business,good,0,1,0,3,0,1
1.5255928615823706,-0.5678624608890895,female,0.0,own,little,,-0.4222029460805398,-0.057751188271904445,furniture/equipment,good,0,1,0,3,4,1
-1.09525348691605,-0.076563710388267,female,0.0,own,little,moderate,0.5781819082774893,-0.057751188271904445,furniture/equipment,good,0,1,0,1,4,1
-0.28497814524622356,0.11995578981206202,male,0.0,own,little,,2.399485238075779,2.0212915895166557,car,good,1,1,0,3,1,1
1.3499136945831605,1.2008130409138715,male,0.0,own,little,rich,-0.7544961632954703,-1.4437797067976113,car,good,1,1,0,2,1,1
-0.37819566242947794,-0.6661222109892541,female,0.0,own,little,,-0.6801858657748319,-1.0972725771661844,business,good,0,1,0,3,0,1
1.3176460924812647,0.11995578981206202,female,0.0,own,little,little,0.01384427144622547,0.6352630709909489,radio/TV,bad,0,1,0,0,5,0
-0.632751190122211,-0.1748234604884315,male,0.0,own,little,,-1.2045641916751864,-0.7507654475347578,education,good,1,1,0,3,3,1
-1.1095946434057813,-0.273083210588596,male,0.0,own,little,,-0.7425784740704623,-0.4042583179033311,radio/TV,good,1,1,0,3,5,1
0.09147721260922673,1.0042935407135425,male,0.0,free,little,,2.1646366562888555,0.6352630709909489,repairs,good,1,0,0,3,6,1
-0.34951334945001505,1.2008130409138715,male,0.0,own,little,little,-0.0499504179347,2.0212915895166557,furniture/equipment,good,1,1,0,0,4,1
-1.3282972798741859,-0.6661222109892541,female,0.0,rent,,moderate,-0.34719160801725385,-0.057751188271904445,furniture/equipment,bad,0,2,4,1,4,0
0.8121203262182316,-0.9609014612897475,female,0.0,rent,rich,moderate,-1.392443057104725,-1.4437797067976113,education,bad,0,2,3,1,3,0
-1.4215147970574402,0.21821553991222653,male,0.0,own,little,moderate,-0.05766186390382286,2.0212915895166557,radio/TV,good,1,1,0,1,5,1
-1.529073470730426,0.31647529001239105,male,0.0,free,little,,-0.42080086499524477,2.0212915895166557,education,bad,1,0,0,3,3,0
0.9089231325239188,-0.7643819610894186,male,0.0,own,,,1.9830671557431447,0.28875594135952226,car,good,1,1,4,3,1,1
-0.03759319579835624,1.0042935407135425,male,0.0,own,quite rich,,-0.8806834609720262,-0.7507654475347578,car,good,1,1,2,3,1,1
0.313765138200064,-0.7643819610894186,female,0.0,rent,little,,-0.7229493388763314,-1.0972725771661844,furniture/equipment,good,0,2,0,3,4,1
-0.453486734000568,0.8077740405132136,male,0.0,own,little,little,0.7197920978922908,2.0212915895166557,furniture/equipment,bad,1,1,0,0,4,0
1.5471045963169678,-1.255680711590241,female,0.0,rent,little,little,-0.960602082833845,-0.057751188271904445,furniture/equipment,good,0,2,0,0,4,1
-1.554170494587456,1.5938520413145296,male,0.0,own,,moderate,-0.618494298021849,-0.4042583179033311,radio/TV,good,1,1,4,1,5,1
1.0953581668904275,1.9868910417151877,male,0.0,free,little,,-0.5764318654629971,0.6352630709909489,education,good,1,0,0,3,3,1
-0.25271054314432784,-0.862641711189583,female,0.0,own,,moderate,0.2402803667213785,-0.7507654475347578,furniture/equipment,bad,0,1,4,1,4,0
-0.06986079790025197,-0.7643819610894186,female,0.0,rent,little,little,0.48704663773331003,-0.057751188271904445,furniture/equipment,bad,0,2,0,0,4,0
0.6328558700965886,-0.273083210588596,male,0.0,own,moderate,,2.3293811838110257,2.0212915895166557,business,good,1,1,1,3,0,1
0.07355076699706242,0.31647529001239105,female,0.0,own,little,little,-1.2690599215987592,-1.4437797067976113,car,good,0,1,0,0,1,1
0.9125084216463517,-0.076563710388267,male,0.0,own,little,,0.42745819160826976,-0.4042583179033311,car,good,1,1,0,3,1,1
-0.7044569725708681,0.9060337906133781,male,0.0,own,little,,0.06712335268743795,-0.057751188271904445,furniture/equipment,good,1,1,0,3,4,1
0.7081469416676787,-0.469602710788925,male,0.0,own,moderate,moderate,0.3342197994361479,0.6352630709909489,radio/TV,good,1,1,1,1,5,1
1.3355725380934291,0.8077740405132136,male,0.0,own,little,,0.6391724354878247,-0.7507654475347578,furniture/equipment,good,1,1,0,3,4,1
-0.8657949830803469,0.11995578981206202,male,0.0,own,moderate,,1.2140256804588014,0.6352630709909489,furniture/equipment,good,1,1,1,3,4,1
-1.324711990751753,-0.3713429606887605,male,0.0,own,little,little,-0.2090866211156899,-0.7507654475347578,car,good,1,1,0,0,1,1
-0.8837214286925112,-0.7643819610894186,male,0.0,own,little,rich,-0.3464905674746063,0.6352630709909489,furniture/equipment,good,1,1,0,2,4,1
-0.915989030794407,0.51299479021272,male,0.0,own,little,little,0.07203063648597068,1.3282773302538022,radio/TV,good,1,1,0,0,5,1
1.6654191373572522,-0.3713429606887605,male,0.0,free,moderate,moderate,0.45549981331417105,0.6352630709909489,furniture/equipment,good,1,0,1,1,4,1
-1.6975820594847704,1.0042935407135425,male,0.0,rent,quite rich,little,0.15966070431691226,-1.4437797067976113,radio/TV,good,1,2,2,0,5,1
0.3065945599551983,-0.3713429606887605,male,0.0,own,little,moderate,-0.9556947990353122,-0.057751188271904445,car,bad,1,1,0,1,1,0
0.4249091009954827,-1.1574209614900766,female,0.0,rent,little,little,0.850185638824732,0.6352630709909489,car,good,0,2,0,0,1,1
-1.3103708342620215,-0.469602710788925,female,0.0,own,little,little,0.75694724665261,-0.7507654475347578,car,bad,0,1,0,0,1,0
0.1380859712008539,-0.7643819610894186,male,0.0,own,moderate,,-0.7769294606601914,0.6352630709909489,radio/TV,good,1,1,1,3,5,1
-1.6617291682604418,-0.6661222109892541,male,0.0,own,little,little,1.1221893693719747,0.6352630709909489,furniture/equipment,good,1,1,0,0,4,1
-0.7546510202849283,0.31647529001239105,male,0.0,own,moderate,moderate,1.022641612316025,0.6352630709909489,car,good,1,1,1,1,1,1
-1.453782399159336,-0.5678624608890895,male,0.0,own,little,little,-0.9192406908176405,-0.7507654475347578,repairs,bad,1,1,0,0,6,0
0.6400264483414543,-0.9609014612897475,male,0.0,own,quite rich,,-0.23782928336423875,-1.4437797067976113,car,good,1,1,2,3,1,1
-0.5180219382043595,-1.059161211389912,female,0.0,rent,little,,-0.8295075013587563,-1.0972725771661844,domestic appliances,good,0,2,0,3,2,1
1.2244285752980104,-1.255680711590241,female,0.0,own,,,-1.0748716912853928,-0.7507654475347578,radio/TV,good,0,1,4,3,5,1
-0.3459280603275822,1.2008130409138715,male,0.0,rent,little,moderate,-0.8386210284131742,-0.7507654475347578,car,bad,1,2,0,1,1,0
0.8408026391976945,0.21821553991222653,male,0.0,own,rich,rich,-0.8021669201955025,0.6352630709909489,business,good,1,1,3,2,0,1
0.02694200840543524,1.495592291214365,male,0.0,own,moderate,rich,-0.9066219610499849,-1.0972725771661844,radio/TV,good,1,1,1,2,5,1
1.4216194770318178,1.2008130409138715,male,0.0,own,little,,-0.4137904595687695,-0.4042583179033311,radio/TV,good,1,1,0,3,5,1
1.389351874929922,0.21821553991222653,male,0.0,own,,moderate,-0.16702418855683795,1.3282773302538022,car,good,1,1,4,1,1,1
0.39264149889358696,-1.059161211389912,female,0.0,own,little,rich,-0.8021669201955025,-0.9817702006223756,furniture/equipment,good,0,1,0,2,4,1
-0.21685765191999923,-0.862641711189583,male,0.0,own,little,little,-0.19857101297597693,-1.0972725771661844,furniture/equipment,good,1,1,0,0,4,1
-0.41046326453137366,0.51299479021272,male,0.0,own,,little,-0.14529193173476443,0.17325356481571336,furniture/equipment,good,1,1,4,0,4,1
-0.3817809515519108,-0.6661222109892541,male,0.0,own,quite rich,moderate,-0.06537330987294572,-0.4042583179033311,business,good,1,1,2,1,0,1
0.11298894734382388,-0.273083210588596,female,0.0,own,moderate,,-0.6219995007350867,-0.4042583179033311,education,good,0,1,1,3,3,1
1.5399340180721022,2.085150791815352,male,0.0,own,little,little,3.1215569970027377,0.6352630709909489,furniture/equipment,bad,1,1,0,0,4,0
-0.12364013473674487,0.31647529001239105,male,0.0,own,little,little,0.8417731523129616,2.0212915895166557,furniture/equipment,good,1,1,0,0,4,1
1.7191984741937452,-0.076563710388267,female,0.0,own,little,,0.28865216416405826,1.3282773302538022,radio/TV,good,0,1,0,3,5,1
1.213672707930712,0.8077740405132136,female,0.0,own,,moderate,1.8680965067489494,0.6352630709909489,radio/TV,good,0,1,4,1,5,1
1.1742345275839505,0.709514290413049,male,0.0,own,little,little,0.20522833958900188,2.0212915895166557,furniture/equipment,bad,1,1,0,0,4,0
1.7658072327853724,2.9694885427168325,female,0.0,own,moderate,,-0.7082274874807332,-0.6352630709909489,radio/TV,good,0,1,1,3,5,1
0.15242712769058533,0.31647529001239105,female,0.0,own,little,moderate,0.8361648279717813,-0.057751188271904445,furniture/equipment,good,0,1,0,1,4,1
0.4607619922198113,-1.1574209614900766,female,0.0,rent,little,little,-0.393460283831991,-0.7507654475347578,furniture/equipment,good,0,2,0,0,4,1
-0.02683732843105766,2.772969042516504,female,0.0,free,little,,0.9378157066556735,0.6352630709909489,car,good,0,0,0,3,1,1
1.0881875886455619,1.9868910417151877,male,0.0,own,,,-1.1933475429928257,0.6352630709909489,car,good,1,1,4,3,1,1
-0.44990144487813516,0.6112545403128845,female,0.0,rent,little,moderate,0.4078290564141388,-0.057751188271904445,furniture/equipment,good,0,2,0,1,4,1
-0.7116275508157339,-1.3539404616904056,female,0.0,rent,,,1.5813709248061085,-0.7507654475347578,car,good,0,2,4,3,1,1
-1.4394412426696044,-1.3539404616904056,male,0.0,rent,,rich,0.8396700306850189,0.6352630709909489,furniture/equipment,good,1,2,4,2,4,1
-0.3387574820827165,0.51299479021272,male,0.0,own,little,,-0.6633608927512911,-0.057751188271904445,radio/TV,good,1,1,0,3,5,1
0.7655115676266044,-0.862641711189583,female,0.0,own,little,moderate,-0.8505387176381823,-1.0972725771661844,radio/TV,good,0,1,0,1,5,1
-0.503680781714628,1.2008130409138715,male,0.0,free,quite rich,,-1.1863371375663505,-0.9817702006223756,education,good,1,0,2,3,3,1
0.18828001891491394,-0.1748234604884315,male,0.0,own,little,,-0.607978689882136,0.6352630709909489,radio/TV,good,1,1,0,3,5,1
-0.07344608702268483,-0.076563710388267,male,0.0,own,little,moderate,-0.8231981364749286,-0.057751188271904445,radio/TV,bad,1,1,0,1,5,0
-1.0629858848141542,0.21821553991222653,male,0.0,free,,moderate,0.23887828563608346,0.6352630709909489,car,good,1,0,4,1,1,1
-1.3820766167106788,0.11995578981206202,male,0.0,own,quite rich,moderate,-0.7075264469380856,-0.51976069444714,business,good,1,1,2,1,0,1
0.69739107430038,-0.273083210588596,male,0.0,own,rich,little,0.863505409135035,-0.7507654475347578,car,good,1,1,3,0,1,1
-1.7513613963212633,1.8886312916150232,male,0.0,own,quite rich,,0.2914563263346484,0.6352630709909489,furniture/equipment,good,1,1,2,3,4,1
1.464642946501012,0.6112545403128845,male,0.0,rent,,,-0.7243514199616264,-0.4042583179033311,radio/TV,good,1,2,4,3,5,1
0.5037854616890056,1.299072791014036,male,0.0,own,little,,-0.7194441361630937,-0.7507654475347578,education,good,1,1,0,3,3,1
-1.4071736405677087,-0.9609014612897475,female,0.0,own,little,,-1.0426238263236063,-1.4437797067976113,radio/TV,good,0,1,0,3,5,1
0.9160937107687845,1.495592291214365,female,0.0,own,little,little,-1.3959482598179627,-1.4437797067976113,furniture/equipment,good,0,1,0,0,4,1
-1.2063974497114687,0.4147350401125555,male,0.0,own,moderate,moderate,0.766060773707028,0.6352630709909489,car,good,1,1,1,1,1,1
-0.4248044210211051,0.02169603971189751,male,0.0,own,little,,-0.06957955312883092,-0.057751188271904445,radio/TV,good,1,1,0,3,5,1
-1.5003911577509632,0.02169603971189751,male,0.0,own,little,little,1.0836321395263604,2.714305848779509,radio/TV,bad,1,1,0,0,5,0
0.980628914972576,-0.5678624608890895,male,0.0,rent,little,moderate,0.8396700306850189,-0.7507654475347578,furniture/equipment,good,1,2,0,1,4,1
-0.055519641410520536,1.0042935407135425,male,0.0,own,little,little,-0.6598556900380534,-0.4042583179033311,furniture/equipment,good,1,1,0,0,4,1
0.9555318911155459,-0.9609014612897475,female,0.0,rent,little,little,-0.20698349948774733,-0.057751188271904445,furniture/equipment,bad,0,2,0,0,4,0
1.1706492384615175,-0.9609014612897475,male,0.0,own,little,rich,0.41834466455385183,-0.7507654475347578,radio/TV,good,1,1,0,2,5,1
1.0738464321558303,-0.1748234604884315,male,0.0,rent,quite rich,,0.45059252951563833,0.6352630709909489,furniture/equipment,good,1,2,2,3,4,1
0.5503942202806328,0.4147350401125555,male,0.0,free,little,rich,-1.0321082181838932,0.6352630709909489,car,bad,1,0,0,2,1,0
-1.1597886911198414,-0.7643819610894186,female,0.0,own,little,,-1.1610996780310392,-0.7507654475347578,furniture/equipment,good,0,1,0,3,4,1
0.4033973662608855,1.5938520413145296,female,0.0,free,moderate,moderate,0.17648567734045303,2.0212915895166557,radio/TV,bad,0,0,1,1,5,0
1.6367368243777893,-0.9609014612897475,male,0.0,own,little,little,-0.19226164809214913,2.0212915895166557,business,bad,1,1,0,0,0,0
-1.3892471949555445,-0.1748234604884315,male,0.0,own,little,moderate,2.564930806140597,-0.7507654475347578,car,good,1,1,0,1,1,1
0.42849439011791557,-1.1574209614900766,female,0.0,own,little,,-0.42851231096436765,-0.057751188271904445,furniture/equipment,bad,0,1,0,3,4,0
-0.04834906316565482,-0.7643819610894186,male,0.0,own,little,moderate,-0.85404392035142,0.6352630709909489,car,good,1,1,0,1,1,1
-0.17383418245080492,0.02169603971189751,female,0.0,own,little,little,-0.40467693251435155,2.0212915895166557,car,bad,0,1,0,0,1,0
-1.6653144573828746,0.21821553991222653,male,0.0,own,rich,moderate,-0.3549030539863767,-0.057751188271904445,business,good,1,1,3,1,0,1
0.22771819926167539,-0.6661222109892541,male,0.0,own,little,little,0.7941023954129293,0.6352630709909489,furniture/equipment,bad,1,1,0,0,4,0
-1.17054455848714,-0.862641711189583,female,0.0,rent,little,,1.088539423324893,0.6352630709909489,furniture/equipment,good,0,2,0,3,4,1
0.6902204960555144,-0.3713429606887605,male,0.0,free,moderate,moderate,0.3103844209861318,2.0212915895166557,car,good,1,0,1,1,1,1
-0.0053255936964604995,0.4147350401125555,male,0.0,own,,moderate,-1.4380106923768146,-1.4437797067976113,radio/TV,good,1,1,4,1,5,1
-0.6793599487138382,-0.076563710388267,male,0.0,own,rich,,-0.6142880547659638,-1.4437797067976113,furniture/equipment,good,1,1,3,3,4,1
0.32452100556736263,-1.3539404616904056,female,0.0,rent,little,little,-0.2665719456127876,-0.057751188271904445,furniture/equipment,bad,0,2,0,0,4,0
1.7371249198059096,-0.862641711189583,male,0.0,rent,moderate,moderate,-0.8098783661646254,-0.4042583179033311,car,bad,1,2,1,1,1,0
-0.8873067178149441,0.11995578981206202,male,0.0,rent,moderate,,-0.8519407987234774,-1.4437797067976113,car,good,1,2,1,3,1,1
0.17035357330274964,-0.273083210588596,male,0.0,own,,little,2.7556138337407257,1.3282773302538022,furniture/equipment,bad,1,1,4,0,4,0
1.3284019598485635,-1.3539404616904056,female,0.0,rent,quite rich,,-0.13898256685093666,-0.4042583179033311,furniture/equipment,good,0,2,2,3,4,1
1.6725897156021179,1.299072791014036,male,0.0,own,little,moderate,-0.04644521522146234,0.28875594135952226,car,good,1,1,0,1,1,1
1.4574723682561463,1.0042935407135425,male,0.0,own,,,0.7471326790555446,0.17325356481571336,car,good,1,1,4,3,1,1
-0.16307831508350634,2.674709292416339,male,0.0,own,rich,moderate,-0.6360203115880373,-0.4042583179033311,repairs,bad,1,1,3,1,6,0
-0.5072660708370609,-0.5678624608890895,male,0.0,rent,little,little,2.6497567118009484,-0.7507654475347578,radio/TV,bad,1,2,0,0,5,0
1.2817932012569362,0.11995578981206202,male,0.0,free,little,,-0.6647629738365861,-0.4042583179033311,radio/TV,good,1,0,0,3,5,1
1.5040811268477736,-0.273083210588596,male,0.0,rent,little,little,0.519995543237744,0.6352630709909489,business,bad,1,2,0,0,0,0
-1.3498090146087829,-1.059161211389912,female,0.0,own,quite rich,little,1.3051609510029807,1.674784459885229,furniture/equipment,bad,0,1,2,0,4,0
1.2782079121345034,0.9060337906133781,male,0.0,own,,,1.1376122613102204,0.6352630709909489,car,good,1,1,4,3,1,1
-0.12005484561431203,0.21821553991222653,male,0.0,own,little,little,-0.48950283817470297,-0.4042583179033311,car,good,1,1,0,0,1,1
-1.6079498314239489,0.51299479021272,male,0.0,own,quite rich,,-0.08430140452442911,2.0212915895166557,radio/TV,good,1,1,2,3,5,1
0.2205476210168097,-0.5678624608890895,female,0.0,own,moderate,moderate,-0.09902325592002728,-0.057751188271904445,car,bad,0,1,1,1,1,0
1.2029168405634134,1.0042935407135425,male,0.0,own,quite rich,,-0.03102232328321662,0.6352630709909489,business,good,1,1,2,3,0,1
-0.7223834181830325,2.1834105419155168,male,0.0,free,little,rich,1.6661968304664598,2.714305848779509,car,good,1,0,0,2,1,1
0.01618614103813666,-0.5678624608890895,male,0.0,own,moderate,rich,-0.768516974148421,-1.4437797067976113,car,good,1,1,1,2,1,1
-0.4965102034697623,1.495592291214365,male,0.0,own,,,-0.06186810715970806,-0.7507654475347578,radio/TV,good,1,1,4,3,5,1
0.6758793395657829,1.299072791014036,male,0.0,free,little,,1.8814162770592524,0.6352630709909489,radio/TV,good,1,0,0,3,5,1
0.8802408195444559,-0.1748234604884315,male,0.0,own,moderate,little,-0.06607435041559326,0.6352630709909489,car,good,1,1,1,0,1,1
1.364254851072892,0.6112545403128845,female,0.0,own,rich,moderate,-0.7692180146910685,-0.8662678240785667,car,good,0,1,3,1,1,1
0.42132381187304985,-0.469602710788925,female,0.0,own,rich,little,0.6573994895966605,0.28875594135952226,radio/TV,good,0,1,3,0,5,1
0.18469472979248108,0.31647529001239105,female,0.0,own,little,,-0.27848963483779565,0.6352630709909489,car,good,0,1,0,3,1,1
-0.9088184525495412,1.6921117914146941,male,0.0,own,little,,-0.5778339465482921,-1.4437797067976113,radio/TV,good,1,1,0,3,5,1
-1.0988387760384828,-1.3539404616904056,male,0.0,own,moderate,little,-1.2234922863266697,-0.7507654475347578,radio/TV,bad,1,1,1,0,5,0
0.5934176897498271,-1.059161211389912,male,0.0,rent,little,rich,-0.7867440282572569,-0.7507654475347578,radio/TV,good,1,2,0,2,5,1
-1.174129847609573,-1.3539404616904056,female,0.0,own,rich,moderate,-0.5904526763159477,-0.8662678240785667,furniture/equipment,good,0,1,3,1,4,1
1.1921609731961147,0.21821553991222653,male,0.0,own,little,,1.2238402480558668,-0.057751188271904445,business,bad,1,1,0,3,0,0
0.3388621620570941,2.576449542316175,male,0.0,own,little,little,-0.12145655328474833,-0.7507654475347578,furniture/equipment,bad,1,1,0,0,4,0
-0.3638545059397465,-0.273083210588596,female,0.0,own,little,little,-0.3240572701098853,-1.4437797067976113,radio/TV,good,0,1,0,0,5,1
1.238769731787742,-0.469602710788925,male,0.0,own,little,little,1.934695358300465,2.0212915895166557,furniture/equipment,bad,1,1,0,0,4,0
-0.9697683676308998,-0.3713429606887605,male,0.0,own,little,,1.5687521950384529,-0.4042583179033311,car,good,1,1,0,3,1,1
-1.6187056987912476,-0.9609014612897475,male,0.0,rent,moderate,little,2.6413442252891777,1.3282773302538022,car,good,1,2,1,0,1,1
-1.249420919180663,0.51299479021272,female,0.0,own,little,little,-1.0930987453942287,-1.4437797067976113,car,good,0,1,0,0,1,1
-1.0558153065692886,1.7903715415148587,male,0.0,own,quite rich,,-1.0398196641530162,-1.0972725771661844,education,good,1,1,2,3,3,1
-0.01966675018619194,-0.7643819610894186,male,0.0,rent,little,,0.7702670169629132,-1.4437797067976113,car,good,1,2,0,3,1,1
1.0128965170744717,-0.862641711189583,female,0.0,own,little,little,0.7639576520790854,-0.057751188271904445,radio/TV,good,0,1,0,0,5,1
-1.0809123304263184,-0.469602710788925,male,0.0,rent,little,,-0.21820014817010783,-1.4437797067976113,radio/TV,good,1,2,0,3,5,1
